Result,Duration (min),Instrumented Duration (min),Change
Passed,\num{56.55402118794325},\num{68.47508174603175},\num{21.07906795605535}\%
Failed,\num{60.14944482109228},\num{85.40041686046513},\num{41.98039086558323}\%
