Result,Duration (min),Instrumented Duration (min),Change
Passed,\num{16.527619047619055},\num{18.98655913978495},\num{14.877763609393742} \%
Failed,\num{18.21},\num{20.72179487179487},\num{13.793491882453976} \%
